{"cameraMode":{"drawMode":0,"name":"Shaded","section":"Shading Mode"},"sceneLighting":false,"audioPlay":false,"sceneViewState":{"m_AlwaysRefresh":false,"showFog":true,"showSkybox":false,"showFlares":true,"showImageEffects":true,"showParticleSystems":true,"showVisualEffectGraphs":true,"m_FxEnabled":false},"in2DMode":false,"pivot":{"x":56.03523254394531,"y":53.81911087036133,"z":47.12395477294922},"rotation":{"x":-0.0005259846220724285,"y":-0.999272346496582,"z":-0.014990399591624737,"w":0.03509918600320816},"size":3.2809739112854006,"orthographic":true}