{"cameraMode":{"drawMode":0,"name":"Shaded","section":"Shading Mode"},"sceneLighting":false,"audioPlay":false,"sceneViewState":{"m_AlwaysRefresh":false,"showFog":true,"showSkybox":false,"showFlares":true,"showImageEffects":true,"showParticleSystems":true,"showVisualEffectGraphs":true,"m_FxEnabled":false},"in2DMode":false,"pivot":{"x":4.112964630126953,"y":-1.2774882316589356,"z":-0.15300709009170533},"rotation":{"x":-0.10272663831710816,"y":-0.8627912402153015,"z":0.19474942982196809,"w":-0.45510590076446535},"size":4.325332164764404,"orthographic":false}