{"cameraMode":{"drawMode":0,"name":"Shaded","section":"Shading Mode"},"sceneLighting":false,"audioPlay":false,"sceneViewState":{"m_AlwaysRefresh":false,"showFog":true,"showSkybox":true,"showFlares":true,"showImageEffects":true,"showParticleSystems":true,"showVisualEffectGraphs":true,"m_FxEnabled":false},"in2DMode":false,"pivot":{"x":888.2630615234375,"y":1017.9364624023438,"z":-84.52325439453125},"rotation":{"x":-0.005829284433275461,"y":0.2359360307455063,"z":0.001419996377080679,"w":0.9717543721199036},"size":560.0809326171875,"orthographic":false}