{"cameraMode":{"drawMode":0,"name":"Shaded","section":"Shading Mode"},"sceneLighting":false,"audioPlay":false,"sceneViewState":{"m_AlwaysRefresh":false,"showFog":true,"showSkybox":true,"showFlares":true,"showImageEffects":true,"showParticleSystems":true,"showVisualEffectGraphs":true,"m_FxEnabled":false},"in2DMode":false,"pivot":{"x":48.129329681396487,"y":46.817378997802737,"z":13.801698684692383},"rotation":{"x":-0.04005001485347748,"y":0.9579663276672363,"z":-0.22986635565757752,"w":-0.16690821945667268},"size":12.8660306930542,"orthographic":false}