{"cameraMode":{"drawMode":0,"name":"Shaded","section":"Shading Mode"},"sceneLighting":true,"audioPlay":false,"sceneViewState":{"m_AlwaysRefresh":false,"showFog":true,"showSkybox":true,"showFlares":true,"showImageEffects":true,"showParticleSystems":true,"showVisualEffectGraphs":true,"m_FxEnabled":true},"in2DMode":false,"pivot":{"x":2.022157669067383,"y":-0.09584957361221314,"z":0.9888716340065002},"rotation":{"x":0.14335134625434876,"y":-0.8002488017082214,"z":0.21143318712711335,"w":0.5425481200218201},"size":0.7190267443656921,"orthographic":false}