{"cameraMode":{"drawMode":0,"name":"Shaded","section":"Shading Mode"},"sceneLighting":false,"audioPlay":false,"sceneViewState":{"m_AlwaysRefresh":false,"showFog":false,"showSkybox":false,"showFlares":false,"showImageEffects":false,"showParticleSystems":false,"showVisualEffectGraphs":true,"m_FxEnabled":false},"in2DMode":false,"pivot":{"x":3.4249866008758547,"y":1.5953505039215088,"z":-2.3899786472320558},"rotation":{"x":-0.013973215594887734,"y":0.9421613812446594,"z":0.03959464654326439,"w":0.3325309455394745},"size":2.8821868896484377,"orthographic":false}